연도,시도,회사,구분,길이
2001,강원,강원,공급관,90738.0
2001,강원,강원,본관,58172.0
2001,강원,참빛,공급관,5041.0
2001,강원,참빛,본관,18308.0
2001,강원,참빛영동,공급관,6186.0
2001,강원,참빛영동,본관,29817.0
2001,강원,참빛원주,공급관,64964.0
2001,강원,참빛원주,본관,71496.0
2001,경기,극동,공급관,136711.0
2001,경기,극동,본관,118823.0
2001,경기,대한,공급관,635695.0
2001,경기,대한,본관,298446.0
2001,경기,삼천리,공급관,1620679.0
2001,경기,삼천리,본관,886628.0
2001,경기,서울,공급관,244089.0
2001,경기,서울,본관,180707.0
2001,경기,한진,공급관,150911.0
2001,경기,한진,본관,111174.0
2001,경남,경남,공급관,447226.0
2001,경남,경남,본관,315373.0
2001,경남,신아,공급관,20893.0
2001,경남,신아,본관,61505.0
2001,경북,경북,공급관,22422.0
2001,경북,경북,본관,22094.0
2001,경북,구미,공급관,162396.0
2001,경북,구미,본관,119188.0
2001,경북,서라벌,공급관,28121.0
2001,경북,서라벌,본관,61019.0
2001,경북,포항,공급관,104470.0
2001,경북,포항,본관,114376.0
2001,광주,해양,공급관,312315.0
2001,광주,해양,본관,219551.0
2001,대구,대구,공급관,574651.0
2001,대구,대구,본관,513701.0
2001,대전,충남,공급관,305257.0
2001,대전,충남,본관,248981.0
2001,부산,부산,공급관,579586.0
2001,부산,부산,본관,506213.0
2001,서울,강남,공급관,420996.0
2001,서울,강남,본관,124411.0
2001,서울,극동,공급관,1372635.0
2001,서울,극동,본관,288269.0
2001,서울,대한,공급관,862367.0
2001,서울,대한,본관,361815.0
2001,서울,서울,공급관,2020110.0
2001,서울,서울,본관,373947.0
2001,서울,한진,공급관,545793.0
2001,서울,한진,본관,134778.0
2001,울산,경동,공급관,383006.0
2001,울산,경동,본관,366177.0
2001,인천,삼천리,공급관,330529.0
2001,인천,삼천리,본관,194715.0
2001,인천,인천,공급관,514674.0
2001,인천,인천,본관,232977.0
2001,전남,대화,공급관,17679.0
2001,전남,대화,본관,65835.0
2001,전남,목포,공급관,49939.0
2001,전남,목포,본관,49773.0
2001,전남,전남,공급관,44497.0
2001,전남,전남,본관,85814.0
2001,전북,군산,공급관,20284.0
2001,전북,군산,본관,60730.0
2001,전북,익산,공급관,32087.0
2001,전북,익산,본관,41616.0
2001,전북,전북,공급관,138066.0
2001,전북,전북,본관,129308.0
2001,충남,중부,공급관,100180.0
2001,충남,중부,본관,212840.0
2001,충남,한보,공급관,2856.0
2001,충남,한보,본관,48354.0
2001,충북,참빛충북,공급관,10706.0
2001,충북,참빛충북,본관,21141.0
2001,충북,청주,공급관,253681.0
2001,충북,청주,본관,131352.0
2002,강원,강원,공급관,111162.0
2002,강원,강원,본관,61442.0
2002,강원,참빛,공급관,5782.0
2002,강원,참빛,본관,21889.0
2002,강원,참빛영동,공급관,6196.0
2002,강원,참빛영동,본관,30817.0
2002,강원,참빛원주,공급관,68843.2
2002,강원,참빛원주,본관,84302.8
2002,경기,극동,공급관,155334.0
2002,경기,극동,본관,129006.0
2002,경기,대한,공급관,693832.0
2002,경기,대한,본관,346161.0
2002,경기,삼천리,공급관,1780314.0
2002,경기,삼천리,본관,944804.0
2002,경기,서울,공급관,293191.0
2002,경기,서울,본관,200007.0
2002,경기,한진,공급관,172124.0
2002,경기,한진,본관,117495.0
2002,경남,경남,공급관,482104.0
2002,경남,경남,본관,345313.0
2002,경남,신아,공급관,29231.0
2002,경남,신아,본관,65103.0
2002,경북,경북,공급관,27362.0
2002,경북,경북,본관,30052.0
2002,경북,구미,공급관,189619.0
2002,경북,구미,본관,125759.0
2002,경북,서라벌,공급관,34191.0
2002,경북,서라벌,본관,63238.0
2002,경북,포항,공급관,134644.0
2002,경북,포항,본관,116615.0
2002,광주,해양,공급관,365466.0
2002,광주,해양,본관,234757.0
2002,대구,대구,공급관,687707.0
2002,대구,대구,본관,527011.0
2002,대전,충남,공급관,372136.0
2002,대전,충남,본관,262248.0
2002,부산,부산,공급관,674245.0
2002,부산,부산,본관,555044.0
2002,서울,강남,공급관,424367.0
2002,서울,강남,본관,123505.0
2002,서울,극동,공급관,1410992.0
2002,서울,극동,본관,295343.0
2002,서울,대한,공급관,886114.0
2002,서울,대한,본관,374322.0
2002,서울,서울,공급관,2077899.0
2002,서울,서울,본관,381305.0
2002,서울,한진,공급관,573627.0
2002,서울,한진,본관,138410.0
2002,울산,경동,공급관,469636.0
2002,울산,경동,본관,374064.0
2002,인천,삼천리,공급관,363832.0
2002,인천,삼천리,본관,196675.0
2002,인천,인천,공급관,568530.0
2002,인천,인천,본관,238180.0
2002,전남,대화,공급관,19359.0
2002,전남,대화,본관,77396.0
2002,전남,목포,공급관,58994.0
2002,전남,목포,본관,54924.0
2002,전남,전남,공급관,48774.0
2002,전남,전남,본관,89284.0
2002,전북,군산,공급관,20707.0
2002,전북,군산,본관,64202.0
2002,전북,익산,공급관,40556.0
2002,전북,익산,본관,42189.0
2002,전북,전북,공급관,169050.0
2002,전북,전북,본관,131610.0
2002,충남,중부,공급관,146136.0
2002,충남,중부,본관,282139.0
2002,충남,한보,공급관,3629.0
2002,충남,한보,본관,50741.0
2002,충북,참빛충북,공급관,11404.0
2002,충북,참빛충북,본관,21512.0
2002,충북,청주,공급관,297072.0
2002,충북,청주,본관,136041.0
2003,강원,강원,공급관,127174.0
2003,강원,강원,본관,63436.0
2003,강원,참빛,공급관,6130.0
2003,강원,참빛,본관,25891.0
2003,강원,참빛영동,공급관,6478.0
2003,강원,참빛영동,본관,32822.0
2003,강원,참빛원주,공급관,83786.0
2003,강원,참빛원주,본관,85708.0
2003,경기,극동,공급관,169330.0
2003,경기,극동,본관,137110.0
2003,경기,대한,공급관,735019.0
2003,경기,대한,본관,359093.0
2003,경기,삼천리,공급관,1940910.0
2003,경기,삼천리,본관,1029323.0
2003,경기,서울,공급관,309615.0
2003,경기,서울,본관,216631.0
2003,경기,한진,공급관,194054.0
2003,경기,한진,본관,131080.0
2003,경남,경남,공급관,517445.0
2003,경남,경남,본관,373407.0
2003,경남,신아,공급관,32712.0
2003,경남,신아,본관,68995.0
2003,경북,경북,공급관,34490.0
2003,경북,경북,본관,34335.0
2003,경북,구미,공급관,220057.0
2003,경북,구미,본관,137859.0
2003,경북,서라벌,공급관,45551.0
2003,경북,서라벌,본관,70342.0
2003,경북,포항,공급관,168536.0
2003,경북,포항,본관,123768.0
2003,광주,해양,공급관,437164.0
2003,광주,해양,본관,242532.0
2003,대구,대구,공급관,839346.0
2003,대구,대구,본관,547856.0
2003,대전,충남,공급관,425492.0
2003,대전,충남,본관,280625.0
2003,부산,부산,공급관,763465.0
2003,부산,부산,본관,569915.0
2003,서울,강남,공급관,425397.0
2003,서울,강남,본관,124011.0
2003,서울,극동,공급관,1445415.0
2003,서울,극동,본관,301620.0
2003,서울,대한,공급관,890696.0
2003,서울,대한,본관,384220.0
2003,서울,서울,공급관,2126262.0
2003,서울,서울,본관,393914.0
2003,서울,한진,공급관,593242.0
2003,서울,한진,본관,139577.0
2003,울산,경동,공급관,558515.0
2003,울산,경동,본관,390135.0
2003,인천,삼천리,공급관,402808.0
2003,인천,삼천리,본관,207041.0
2003,인천,인천,공급관,613429.0
2003,인천,인천,본관,251116.0
2003,전남,대화,공급관,19588.0
2003,전남,대화,본관,77735.0
2003,전남,목포,공급관,67020.0
2003,전남,목포,본관,60237.0
2003,전남,전남,공급관,53908.0
2003,전남,전남,본관,92538.0
2003,전북,군산,공급관,21068.0
2003,전북,군산,본관,67671.0
2003,전북,익산,공급관,47178.0
2003,전북,익산,본관,43758.0
2003,전북,전북,공급관,215492.0
2003,전북,전북,본관,144600.0
2003,충남,서해,공급관,6727.0
2003,충남,서해,본관,57747.0
2003,충남,중부,공급관,173325.0
2003,충남,중부,본관,304585.0
2003,충북,참빛충북,공급관,13227.0
2003,충북,참빛충북,본관,22026.0
2003,충북,청주,공급관,313624.0
2003,충북,청주,본관,139830.0
2004,강원,강원,공급관,144026.0
2004,강원,강원,본관,63984.0
2004,강원,참빛,공급관,6621.0
2004,강원,참빛,본관,26516.0
2004,강원,참빛영동,공급관,8306.0
2004,강원,참빛영동,본관,34993.0
2004,강원,참빛원주,공급관,98705.0
2004,강원,참빛원주,본관,94003.0
2004,경기,극동,공급관,183771.0
2004,경기,극동,본관,149275.0
2004,경기,대한,공급관,768519.0
2004,경기,대한,본관,381253.0
2004,경기,삼천리,공급관,2093203.0
2004,경기,삼천리,본관,1093529.0
2004,경기,서울,공급관,331513.0
2004,경기,서울,본관,226263.0
2004,경기,인천,공급관,0.0
2004,경기,인천,본관,20685.0
2004,경기,한진,공급관,214472.0
2004,경기,한진,본관,136725.0
2004,경남,경남,공급관,583101.0
2004,경남,경남,본관,393819.0
2004,경남,경동,공급관,82503.0
2004,경남,경동,본관,89028.0
2004,경남,신아,공급관,37673.0
2004,경남,신아,본관,75937.0
2004,경북,경북,공급관,40008.0
2004,경북,경북,본관,41633.0
2004,경북,구미,공급관,251610.0
2004,경북,구미,본관,154113.0
2004,경북,대구,공급관,89450.0
2004,경북,대구,본관,83122.0
2004,경북,서라벌,공급관,57637.0
2004,경북,서라벌,본관,72271.0
2004,경북,포항,공급관,199362.0
2004,경북,포항,본관,126814.0
2004,광주,해양,공급관,490776.0
2004,광주,해양,본관,239964.0
2004,대구,대구,공급관,945586.0
2004,대구,대구,본관,486795.0
2004,대전,충남,공급관,467071.0
2004,대전,충남,본관,289565.0
2004,부산,부산,공급관,839635.0
2004,부산,부산,본관,557940.0
2004,서울,강남,공급관,425322.0
2004,서울,강남,본관,125847.0
2004,서울,극동,공급관,1473955.0
2004,서울,극동,본관,310760.0
2004,서울,대한,공급관,917814.0
2004,서울,대한,본관,390620.0
2004,서울,서울,공급관,2161434.0
2004,서울,서울,본관,399755.0
2004,서울,한진,공급관,602884.0
2004,서울,한진,본관,141878.0
2004,울산,경동,공급관,573125.0
2004,울산,경동,본관,313931.0
2004,인천,삼천리,공급관,425248.0
2004,인천,삼천리,본관,219019.0
2004,인천,인천,공급관,652431.0
2004,인천,인천,본관,257885.0
2004,전남,대화,공급관,20233.0
2004,전남,대화,본관,79706.0
2004,전남,목포,공급관,71771.0
2004,전남,목포,본관,59734.0
2004,전남,전남,공급관,66244.0
2004,전남,전남,본관,98175.0
2004,전남,해양,공급관,13798.0
2004,전남,해양,본관,8130.0
2004,전북,군산,공급관,25039.0
2004,전북,군산,본관,70927.0
2004,전북,익산,공급관,58252.0
2004,전북,익산,본관,53734.0
2004,전북,전북,공급관,264068.0
2004,전북,전북,본관,154549.0
2004,충남,서해,공급관,17477.0
2004,충남,서해,본관,68764.0
2004,충남,중부,공급관,191024.0
2004,충남,중부,본관,334089.0
2004,충남,충남,공급관,6587.0
2004,충남,충남,본관,7374.0
2004,충북,참빛충북,공급관,16230.0
2004,충북,참빛충북,본관,29114.0
2004,충북,청주,공급관,336400.0
2004,충북,청주,본관,150302.0
2005,강원,강원,공급관,155356.0
2005,강원,강원,본관,67722.0
2005,강원,참빛,공급관,7453.0
2005,강원,참빛,본관,27113.0
2005,강원,참빛영동,공급관,9483.0
2005,강원,참빛영동,본관,42939.0
2005,강원,참빛원주,공급관,112965.0
2005,강원,참빛원주,본관,94605.0
2005,경기,대한,공급관,795185.0
2005,경기,대한,본관,394959.0
2005,경기,삼천리,공급관,2184268.0
2005,경기,삼천리,본관,1148469.0
2005,경기,서울,공급관,341936.0
2005,경기,서울,본관,244383.0
2005,경기,예스코,공급관,199926.0
2005,경기,예스코,본관,154579.0
2005,경기,인천,공급관,0.0
2005,경기,인천,본관,27994.0
2005,경기,한진,공급관,233091.0
2005,경기,한진,본관,142153.0
2005,경남,경남,공급관,629121.0
2005,경남,경남,본관,418907.0
2005,경남,경동,공급관,89762.0
2005,경남,경동,본관,92483.0
2005,경남,지에스이,공급관,42249.0
2005,경남,지에스이,본관,79065.0
2005,경북,경북,공급관,45090.0
2005,경북,경북,본관,43846.0
2005,경북,구미,공급관,283232.0
2005,경북,구미,본관,169319.0
2005,경북,대구,공급관,95128.0
2005,경북,대구,본관,86472.0
2005,경북,서라벌,공급관,68973.0
2005,경북,서라벌,본관,74270.0
2005,경북,포항,공급관,218684.0
2005,경북,포항,본관,136872.0
2005,광주,해양,공급관,550845.0
2005,광주,해양,본관,247630.0
2005,대구,대구,공급관,988936.0
2005,대구,대구,본관,499215.0
2005,대전,충남,공급관,519855.0
2005,대전,충남,본관,303019.0
2005,부산,부산,공급관,913097.0
2005,부산,부산,본관,589671.0
2005,서울,강남,공급관,425515.0
2005,서울,강남,본관,126908.0
2005,서울,대한,공급관,920330.0
2005,서울,대한,본관,396134.0
2005,서울,서울,공급관,2182046.0
2005,서울,서울,본관,404143.0
2005,서울,예스코,공급관,1501957.0
2005,서울,예스코,본관,315526.0
2005,서울,한진,공급관,610058.0
2005,서울,한진,본관,143201.0
2005,울산,경동,공급관,656157.0
2005,울산,경동,본관,319582.0
2005,인천,삼천리,공급관,445743.0
2005,인천,삼천리,본관,219975.0
2005,인천,인천,공급관,671172.0
2005,인천,인천,본관,238723.0
2005,전남,대화,공급관,20263.0
2005,전남,대화,본관,81771.0
2005,전남,목포,공급관,80774.0
2005,전남,목포,본관,68143.0
2005,전남,전남,공급관,77264.0
2005,전남,전남,본관,99841.0
2005,전남,해양,공급관,14382.0
2005,전남,해양,본관,9455.0
2005,전북,군산,공급관,26668.0
2005,전북,군산,본관,71821.0
2005,전북,익산,공급관,66120.0
2005,전북,익산,본관,58029.0
2005,전북,전북,공급관,302013.0
2005,전북,전북,본관,166733.0
2005,제주,제주e,공급관,4280.0
2005,제주,제주e,본관,8988.0
2005,충남,서해,공급관,23648.0
2005,충남,서해,본관,96264.0
2005,충남,중부,공급관,233585.0
2005,충남,중부,본관,371492.0
2005,충남,충남,공급관,8002.0
2005,충남,충남,본관,7455.0
2005,충북,참빛충북,공급관,20303.0
2005,충북,참빛충북,본관,39072.0
2005,충북,청주,공급관,351075.0
2005,충북,청주,본관,173193.0
2006,강원,강원,공급관,170360.0
2006,강원,강원,본관,69339.0
2006,강원,참빛,공급관,8256.0
2006,강원,참빛,본관,28220.0
2006,강원,참빛영동,공급관,12392.0
2006,강원,참빛영동,본관,45027.0
2006,강원,참빛원주,공급관,125226.0
2006,강원,참빛원주,본관,100738.0
2006,경기,대한,공급관,810086.0
2006,경기,대한,본관,404800.0
2006,경기,삼천리,공급관,2283481.0
2006,경기,삼천리,본관,1213425.0
2006,경기,서울,공급관,393919.0
2006,경기,서울,본관,256617.0
2006,경기,예스코,공급관,209126.0
2006,경기,예스코,본관,158894.0
2006,경기,인천,공급관,0.0
2006,경기,인천,본관,28151.0
2006,경기,한진,공급관,252844.0
2006,경기,한진,본관,148939.0
2006,경남,경남,공급관,686249.0
2006,경남,경남,본관,437009.0
2006,경남,경동,공급관,105417.0
2006,경남,경동,본관,96345.0
2006,경남,지에스이,공급관,51097.0
2006,경남,지에스이,본관,86661.0
2006,경북,경북,공급관,48411.0
2006,경북,경북,본관,46509.0
2006,경북,구미,공급관,304138.0
2006,경북,구미,본관,180117.0
2006,경북,대구,공급관,98814.0
2006,경북,대구,본관,87291.0
2006,경북,서라벌,공급관,77371.0
2006,경북,서라벌,본관,76861.0
2006,경북,포항,공급관,245725.0
2006,경북,포항,본관,139293.0
2006,광주,해양,공급관,617075.0
2006,광주,해양,본관,249411.0
2006,대구,대구,공급관,1027991.0
2006,대구,대구,본관,514881.0
2006,대전,충남,공급관,567899.0
2006,대전,충남,본관,311352.0
2006,부산,부산,공급관,1001250.0
2006,부산,부산,본관,599881.0
2006,서울,강남,공급관,426390.0
2006,서울,강남,본관,127050.0
2006,서울,대한,공급관,925015.0
2006,서울,대한,본관,398417.0
2006,서울,서울,공급관,2436147.0
2006,서울,서울,본관,408560.0
2006,서울,예스코,공급관,1514327.0
2006,서울,예스코,본관,319795.0
2006,서울,한진,공급관,596883.0
2006,서울,한진,본관,129970.0
2006,울산,경동,공급관,726480.0
2006,울산,경동,본관,325179.0
2006,인천,삼천리,공급관,457802.0
2006,인천,삼천리,본관,224913.0
2006,인천,인천,공급관,688990.0
2006,인천,인천,본관,254684.0
2006,전남,대화,공급관,21339.0
2006,전남,대화,본관,84145.0
2006,전남,목포,공급관,90868.0
2006,전남,목포,본관,74748.0
2006,전남,전남,공급관,93227.0
2006,전남,전남,본관,100847.0
2006,전남,해양,공급관,26160.0
2006,전남,해양,본관,32744.0
2006,전북,군산,공급관,28607.0
2006,전북,군산,본관,74621.0
2006,전북,익산,공급관,77572.0
2006,전북,익산,본관,59552.0
2006,전북,전북,공급관,350160.0
2006,전북,전북,본관,176954.0
2006,제주,제주e,공급관,9093.0
2006,제주,제주e,본관,16269.0
2006,충남,서해,공급관,36774.0
2006,충남,서해,본관,127266.0
2006,충남,중부,공급관,268844.0
2006,충남,중부,본관,408918.0
2006,충남,충남,공급관,9755.0
2006,충남,충남,본관,8069.0
2006,충북,참빛충북,공급관,33996.0
2006,충북,참빛충북,본관,43392.0
2006,충북,청주,공급관,387811.0
2006,충북,청주,본관,205948.0
2007,강원,강원,공급관,185536.0
2007,강원,강원,본관,74695.0
2007,강원,참빛,공급관,9315.0
2007,강원,참빛,본관,28261.0
2007,강원,참빛영동,공급관,18893.0
2007,강원,참빛영동,본관,47087.0
2007,강원,참빛원주,공급관,137414.0
2007,강원,참빛원주,본관,106080.0
2007,경기,대한,공급관,816548.0
2007,경기,대한,본관,415734.0
2007,경기,삼천리,공급관,2402285.0
2007,경기,삼천리,본관,1241030.0
2007,경기,서울,공급관,434820.0
2007,경기,서울,본관,263336.0
2007,경기,예스코,공급관,216383.0
2007,경기,예스코,본관,162293.0
2007,경기,인천,공급관,1937.0
2007,경기,인천,본관,31653.0
2007,경기,한진,공급관,266497.0
2007,경기,한진,본관,152624.0
2007,경남,경남,공급관,751294.0
2007,경남,경남,본관,453547.0
2007,경남,경동,공급관,120713.0
2007,경남,경동,본관,99964.0
2007,경남,지에스이,공급관,56446.0
2007,경남,지에스이,본관,98660.0
2007,경북,경북,공급관,52384.0
2007,경북,경북,본관,47480.0
2007,경북,대구,공급관,102549.0
2007,경북,대구,본관,89257.0
2007,경북,서라벌,공급관,84385.0
2007,경북,서라벌,본관,90173.0
2007,경북,영남ES,공급관,332267.0
2007,경북,영남ES,본관,187600.0
2007,경북,포항,공급관,277197.0
2007,경북,포항,본관,145286.0
2007,광주,해양,공급관,714195.0
2007,광주,해양,본관,261390.0
2007,대구,대구,공급관,1069303.0
2007,대구,대구,본관,528381.0
2007,대전,충남,공급관,635533.0
2007,대전,충남,본관,325518.0
2007,부산,부산,공급관,1153035.0
2007,부산,부산,본관,615221.0
2007,서울,강남,공급관,426120.0
2007,서울,강남,본관,128365.0
2007,서울,대한,공급관,923105.0
2007,서울,대한,본관,402985.0
2007,서울,서울,공급관,2468347.0
2007,서울,서울,본관,411468.0
2007,서울,예스코,공급관,1520973.0
2007,서울,예스코,본관,321859.0
2007,서울,한진,공급관,600039.0
2007,서울,한진,본관,131513.0
2007,울산,경동,공급관,777524.0
2007,울산,경동,본관,327972.0
2007,인천,삼천리,공급관,476264.0
2007,인천,삼천리,본관,226907.0
2007,인천,인천,공급관,712721.0
2007,인천,인천,본관,257675.0
2007,전남,대화,공급관,22499.0
2007,전남,대화,본관,87792.0
2007,전남,목포,공급관,104196.0
2007,전남,목포,본관,83699.0
2007,전남,전남,공급관,118206.0
2007,전남,전남,본관,103391.0
2007,전남,해양,공급관,26902.0
2007,전남,해양,본관,35943.0
2007,전북,군산,공급관,38951.0
2007,전북,군산,본관,81777.0
2007,전북,전북,공급관,413048.0
2007,전북,전북,본관,186036.0
2007,전북,전북ES,공급관,92147.0
2007,전북,전북ES,본관,62421.0
2007,제주,제주e,공급관,11265.0
2007,제주,제주e,본관,18256.0
2007,충남,서해,공급관,44697.0
2007,충남,서해,본관,143699.0
2007,충남,중부,공급관,305756.0
2007,충남,중부,본관,430857.0
2007,충남,충남,공급관,11969.0
2007,충남,충남,본관,8476.0
2007,충북,참빛충북,공급관,37455.0
2007,충북,참빛충북,본관,44644.0
2007,충북,충청ES,공급관,412967.0
2007,충북,충청ES,본관,242724.0
2008,강원,강원,공급관,194031.0
2008,강원,강원,본관,83874.0
2008,강원,참빛,공급관,10483.0
2008,강원,참빛,본관,28406.0
2008,강원,참빛영동,공급관,19040.0
2008,강원,참빛영동,본관,49399.0
2008,강원,참빛원주,공급관,151752.0
2008,강원,참빛원주,본관,108952.0
2008,경기,대한,공급관,828784.0
2008,경기,대한,본관,428873.0
2008,경기,삼천리,공급관,2522821.0
2008,경기,삼천리,본관,1319890.0
2008,경기,서울,공급관,469192.0
2008,경기,서울,본관,275391.0
2008,경기,예스코,공급관,239390.0
2008,경기,예스코,본관,170712.0
2008,경기,인천,공급관,3071.0
2008,경기,인천,본관,33919.0
2008,경기,한진,공급관,294025.0
2008,경기,한진,본관,170549.0
2008,경남,경남,공급관,814608.0
2008,경남,경남,본관,479392.0
2008,경남,경동,공급관,137282.0
2008,경남,경동,본관,107095.0
2008,경남,지에스이,공급관,66746.0
2008,경남,지에스이,본관,104639.0
2008,경북,경북,공급관,53752.0
2008,경북,경북,본관,57955.0
2008,경북,대구,공급관,116363.0
2008,경북,대구,본관,92253.0
2008,경북,서라벌,공급관,93918.0
2008,경북,서라벌,본관,97647.0
2008,경북,영남ES,공급관,360369.0
2008,경북,영남ES,본관,206603.0
2008,경북,포항,공급관,301128.0
2008,경북,포항,본관,152929.0
2008,광주,해양,공급관,774158.0
2008,광주,해양,본관,273252.0
2008,대구,대구,공급관,1134495.0
2008,대구,대구,본관,539793.0
2008,대전,충남,공급관,710865.0
2008,대전,충남,본관,333359.0
2008,부산,부산,공급관,1308837.0
2008,부산,부산,본관,628493.0
2008,서울,강남,공급관,426491.0
2008,서울,강남,본관,126435.0
2008,서울,대한,공급관,911942.0
2008,서울,대한,본관,406478.0
2008,서울,서울,공급관,2477676.0
2008,서울,서울,본관,416197.0
2008,서울,예스코,공급관,1497000.0
2008,서울,예스코,본관,322691.0
2008,서울,한진,공급관,598773.0
2008,서울,한진,본관,131853.0
2008,울산,경동,공급관,844234.0
2008,울산,경동,본관,349727.0
2008,인천,삼천리,공급관,485042.0
2008,인천,삼천리,본관,231133.0
2008,인천,인천,공급관,745893.0
2008,인천,인천,본관,261871.0
2008,전남,대화,공급관,25843.0
2008,전남,대화,본관,92655.0
2008,전남,목포,공급관,112239.0
2008,전남,목포,본관,93870.0
2008,전남,전남,공급관,135074.0
2008,전남,전남,본관,111585.0
2008,전남,해양,공급관,28942.0
2008,전남,해양,본관,40659.0
2008,전북,군산,공급관,76228.0
2008,전북,군산,본관,84384.0
2008,전북,전북,공급관,481921.0
2008,전북,전북,본관,192444.0
2008,전북,전북ES,공급관,106718.0
2008,전북,전북ES,본관,72947.0
2008,제주,제주e,공급관,15150.0
2008,제주,제주e,본관,27230.0
2008,충남,서해,공급관,77590.0
2008,충남,서해,본관,157358.0
2008,충남,중부,공급관,366472.0
2008,충남,중부,본관,474189.0
2008,충남,충남,공급관,14778.0
2008,충남,충남,본관,10001.0
2008,충북,참빛충북,공급관,46570.0
2008,충북,참빛충북,본관,54937.0
2008,충북,충청ES,공급관,443308.0
2008,충북,충청ES,본관,264747.0
2009,강원,강원,공급관,214127.0
2009,강원,강원,본관,90704.0
2009,강원,참빛,공급관,11352.0
2009,강원,참빛,본관,28936.0
2009,강원,참빛영동,공급관,21596.0
2009,강원,참빛영동,본관,60925.0
2009,강원,참빛원주,공급관,162250.0
2009,강원,참빛원주,본관,110348.0
2009,경기,대륜,공급관,320684.0
2009,경기,대륜,본관,176288.0
2009,경기,대한,공급관,910405.0
2009,경기,대한,본관,455139.0
2009,경기,삼천리,공급관,2615174.0
2009,경기,삼천리,본관,1366683.0
2009,경기,서울,공급관,528281.0
2009,경기,서울,본관,284985.0
2009,경기,예스코,공급관,248957.0
2009,경기,예스코,본관,199201.0
2009,경기,인천,공급관,4724.0
2009,경기,인천,본관,41666.0
2009,경남,경남,공급관,851176.0
2009,경남,경남,본관,489228.0
2009,경남,경동,공급관,142049.0
2009,경남,경동,본관,107739.0
2009,경남,지에스이,공급관,89094.0
2009,경남,지에스이,본관,108857.0
2009,경북,경북,공급관,57951.0
2009,경북,경북,본관,58444.0
2009,경북,대구,공급관,126262.0
2009,경북,대구,본관,93470.0
2009,경북,서라벌,공급관,99520.0
2009,경북,서라벌,본관,119314.0
2009,경북,영남ES,공급관,375050.0
2009,경북,영남ES,본관,214888.0
2009,경북,포항,공급관,323836.0
2009,경북,포항,본관,157157.0
2009,광주,해양,공급관,831569.0
2009,광주,해양,본관,278184.0
2009,대구,대구,공급관,1194220.0
2009,대구,대구,본관,542219.0
2009,대전,충남,공급관,768005.0
2009,대전,충남,본관,338993.0
2009,부산,부산,공급관,1405041.0
2009,부산,부산,본관,654461.0
2009,서울,강남,공급관,426781.0
2009,서울,강남,본관,127243.0
2009,서울,대륜,공급관,599981.0
2009,서울,대륜,본관,131960.0
2009,서울,대한,공급관,987460.0
2009,서울,대한,본관,347559.0
2009,서울,서울,공급관,2487971.0
2009,서울,서울,본관,419305.0
2009,서울,예스코,공급관,1488668.0
2009,서울,예스코,본관,320604.0
2009,울산,경동,공급관,897667.0
2009,울산,경동,본관,370530.0
2009,인천,삼천리,공급관,499978.0
2009,인천,삼천리,본관,238147.0
2009,인천,인천,공급관,772769.0
2009,인천,인천,본관,267679.0
2009,전남,대화,공급관,38081.0
2009,전남,대화,본관,93937.0
2009,전남,목포,공급관,121251.0
2009,전남,목포,본관,97538.0
2009,전남,전남,공급관,151600.0
2009,전남,전남,본관,107312.0
2009,전남,해양,공급관,29919.0
2009,전남,해양,본관,50228.0
2009,전북,군산,공급관,106103.0
2009,전북,군산,본관,87244.0
2009,전북,전북,공급관,544745.0
2009,전북,전북,본관,193265.0
2009,전북,전북ES,공급관,114329.0
2009,전북,전북ES,본관,76889.0
2009,제주,제주,공급관,15563.0
2009,제주,제주,본관,28535.0
2009,충남,서해,공급관,90713.0
2009,충남,서해,본관,186445.0
2009,충남,중부,공급관,414645.0
2009,충남,중부,본관,503793.0
2009,충남,충남,공급관,17292.0
2009,충남,충남,본관,10013.0
2009,충북,참빛충북,공급관,49090.0
2009,충북,참빛충북,본관,61285.0
2009,충북,충청ES,공급관,455389.0
2009,충북,충청ES,본관,288130.0
2010,강원,강원,공급관,225368.0
2010,강원,강원,본관,120597.0
2010,강원,참빛,공급관,11549.0
2010,강원,참빛,본관,29116.0
2010,강원,참빛영동,공급관,26708.0
2010,강원,참빛영동,본관,63989.0
2010,강원,참빛원주,공급관,163551.0
2010,강원,참빛원주,본관,116070.0
2010,경기,대륜,공급관,342451.0
2010,경기,대륜,본관,194653.0
2010,경기,대한,공급관,953583.0
2010,경기,대한,본관,465148.0
2010,경기,삼천리,공급관,2711023.0
2010,경기,삼천리,본관,1395668.0
2010,경기,서울,공급관,595652.0
2010,경기,서울,본관,304587.0
2010,경기,예스코,공급관,245717.0
2010,경기,예스코,본관,232844.0
2010,경기,인천,공급관,5131.0
2010,경기,인천,본관,42694.0
2010,경남,경남,공급관,904510.0
2010,경남,경남,본관,512229.0
2010,경남,경동,공급관,157447.0
2010,경남,경동,본관,109426.0
2010,경남,지에스이,공급관,103799.0
2010,경남,지에스이,본관,122628.0
2010,경북,경북,공급관,61420.0
2010,경북,경북,본관,62240.0
2010,경북,대성,공급관,129929.0
2010,경북,대성,본관,94361.0
2010,경북,서라벌,공급관,102821.0
2010,경북,서라벌,본관,132259.0
2010,경북,영남ES,공급관,379118.0
2010,경북,영남ES,본관,239185.0
2010,경북,포항,공급관,339443.0
2010,경북,포항,본관,160424.0
2010,광주,해양,공급관,900566.0
2010,광주,해양,본관,287358.0
2010,대구,대성,공급관,1266733.0
2010,대구,대성,본관,551446.0
2010,대전,충남,공급관,824961.0
2010,대전,충남,본관,351523.0
2010,부산,부산,공급관,1446508.0
2010,부산,부산,본관,670095.0
2010,서울,강남,공급관,430682.0
2010,서울,강남,본관,128907.0
2010,서울,대륜,공급관,601385.0
2010,서울,대륜,본관,132201.0
2010,서울,대한,공급관,989451.0
2010,서울,대한,본관,348969.0
2010,서울,서울,공급관,2469681.0
2010,서울,서울,본관,424426.0
2010,서울,예스코,공급관,1495317.0
2010,서울,예스코,본관,320880.0
2010,울산,경동,공급관,939514.0
2010,울산,경동,본관,385670.0
2010,인천,삼천리,공급관,504551.0
2010,인천,삼천리,본관,241021.0
2010,인천,인천,공급관,800454.0
2010,인천,인천,본관,281712.0
2010,전남,대화,공급관,47387.0
2010,전남,대화,본관,95570.0
2010,전남,목포,공급관,128876.0
2010,전남,목포,본관,102727.0
2010,전남,전남,공급관,172525.0
2010,전남,전남,본관,114046.0
2010,전남,해양,공급관,33977.0
2010,전남,해양,본관,54811.0
2010,전북,군산,공급관,124619.0
2010,전북,군산,본관,112392.0
2010,전북,전북,공급관,591810.0
2010,전북,전북,본관,197246.0
2010,전북,전북ES,공급관,128019.0
2010,전북,전북ES,본관,78997.0
2010,제주,제주,공급관,18601.0
2010,제주,제주,본관,35425.0
2010,충남,서해,공급관,101084.0
2010,충남,서해,본관,201990.0
2010,충남,중부,공급관,452956.0
2010,충남,중부,본관,543976.0
2010,충남,충남,공급관,17332.0
2010,충남,충남,본관,10709.0
2010,충북,참빛충북,공급관,52249.0
2010,충북,참빛충북,본관,62360.0
2010,충북,충청ES,공급관,474246.0
2010,충북,충청ES,본관,313333.0
2011,강원,강원,공급관,231503.0
2011,강원,강원,본관,123496.0
2011,강원,참빛,공급관,12145.0
2011,강원,참빛,본관,33375.0
2011,강원,참빛영동,공급관,32130.0
2011,강원,참빛영동,본관,67655.0
2011,강원,참빛원주,공급관,172588.0
2011,강원,참빛원주,본관,121003.0
2011,경기,대륜,공급관,361428.0
2011,경기,대륜,본관,205134.0
2011,경기,삼천리,공급관,2811524.0
2011,경기,삼천리,본관,1454159.0
2011,경기,서울,공급관,660707.0
2011,경기,서울,본관,333409.0
2011,경기,예스코,공급관,336789.0
2011,경기,예스코,본관,246436.0
2011,경기,인천,공급관,5704.0
2011,경기,인천,본관,42893.0
2011,경기,코원ES,공급관,985240.0
2011,경기,코원ES,본관,488807.0
2011,경남,경남,공급관,982026.0
2011,경남,경남,본관,551604.0
2011,경남,경동,공급관,165208.0
2011,경남,경동,본관,109960.0
2011,경남,지에스이,공급관,117257.0
2011,경남,지에스이,본관,124280.0
2011,경북,경북,공급관,64770.0
2011,경북,경북,본관,64174.0
2011,경북,대성,공급관,139606.0
2011,경북,대성,본관,101288.0
2011,경북,서라벌,공급관,105437.0
2011,경북,서라벌,본관,137828.0
2011,경북,영남ES,공급관,399459.0
2011,경북,영남ES,본관,251907.0
2011,경북,포항,공급관,358391.0
2011,경북,포항,본관,171757.0
2011,광주,해양,공급관,977731.0
2011,광주,해양,본관,293568.0
2011,대구,대성,공급관,1342666.0
2011,대구,대성,본관,557907.0
2011,대전,충남,공급관,885196.0
2011,대전,충남,본관,355058.0
2011,부산,부산,공급관,1506475.0
2011,부산,부산,본관,681409.0
2011,서울,강남,공급관,429037.0
2011,서울,강남,본관,128613.0
2011,서울,대륜,공급관,602394.0
2011,서울,대륜,본관,132594.0
2011,서울,서울,공급관,2469059.0
2011,서울,서울,본관,427545.0
2011,서울,예스코,공급관,1509453.0
2011,서울,예스코,본관,330372.0
2011,서울,코원ES,공급관,994039.0
2011,서울,코원ES,본관,351533.0
2011,울산,경동,공급관,981247.0
2011,울산,경동,본관,398904.0
2011,인천,삼천리,공급관,510684.0
2011,인천,삼천리,본관,253941.0
2011,인천,인천,공급관,844406.0
2011,인천,인천,본관,297156.0
2011,전남,대화,공급관,57684.0
2011,전남,대화,본관,103171.0
2011,전남,목포,공급관,145467.0
2011,전남,목포,본관,116252.0
2011,전남,전남,공급관,192889.0
2011,전남,전남,본관,122093.0
2011,전남,해양,공급관,45244.0
2011,전남,해양,본관,80786.0
2011,전북,군산,공급관,144024.0
2011,전북,군산,본관,130024.0
2011,전북,전북,공급관,641395.0
2011,전북,전북,본관,212216.0
2011,전북,전북ES,공급관,137380.0
2011,전북,전북ES,본관,81509.0
2011,제주,제주,공급관,20206.0
2011,제주,제주,본관,40185.0
2011,충남,서해,공급관,135875.0
2011,충남,서해,본관,229139.0
2011,충남,중부,공급관,500067.0
2011,충남,중부,본관,568345.0
2011,충남,충남,공급관,17530.0
2011,충남,충남,본관,10733.0
2011,충북,참빛충북,공급관,58085.0
2011,충북,참빛충북,본관,64219.0
2011,충북,충청ES,공급관,493171.0
2011,충북,충청ES,본관,340204.0
2012,강원,강원,공급관,237214.0
2012,강원,강원,본관,126111.0
2012,강원,참빛,공급관,13334.0
2012,강원,참빛,본관,35405.0
2012,강원,참빛영동,공급관,38399.0
2012,강원,참빛영동,본관,72417.0
2012,강원,참빛원주,공급관,184987.0
2012,강원,참빛원주,본관,122817.0
2012,경기,대륜,공급관,382832.0
2012,경기,대륜,본관,234384.0
2012,경기,삼천리,공급관,2912413.0
2012,경기,삼천리,본관,1502033.0
2012,경기,서울,공급관,767138.0
2012,경기,서울,본관,358253.0
2012,경기,예스코,공급관,354164.0
2012,경기,예스코,본관,255036.0
2012,경기,인천,공급관,7905.0
2012,경기,인천,본관,43400.0
2012,경기,코원ES,공급관,1030991.0
2012,경기,코원ES,본관,494475.0
2012,경남,경남,공급관,1050329.0
2012,경남,경남,본관,575884.0
2012,경남,경동,공급관,178063.0
2012,경남,경동,본관,115941.0
2012,경남,지에스이,공급관,141230.0
2012,경남,지에스이,본관,136334.0
2012,경북,대성,공급관,150670.0
2012,경북,대성,본관,102111.0
2012,경북,대성청정,공급관,96369.0
2012,경북,대성청정,본관,101474.0
2012,경북,서라벌,공급관,115339.0
2012,경북,서라벌,본관,141582.0
2012,경북,영남ES,공급관,416201.0
2012,경북,영남ES,본관,267181.0
2012,경북,포항,공급관,380000.0
2012,경북,포항,본관,175600.0
2012,광주,해양,공급관,1046235.0
2012,광주,해양,본관,301009.0
2012,대구,대성,공급관,1436753.0
2012,대구,대성,본관,563210.0
2012,대전,충남,공급관,942590.0
2012,대전,충남,본관,366996.0
2012,부산,부산,공급관,1565511.0
2012,부산,부산,본관,695248.0
2012,서울,강남,공급관,429800.0
2012,서울,강남,본관,128602.0
2012,서울,대륜,공급관,604700.0
2012,서울,대륜,본관,132384.0
2012,서울,서울,공급관,2457426.0
2012,서울,서울,본관,427209.0
2012,서울,예스코,공급관,1511531.0
2012,서울,예스코,본관,331265.0
2012,서울,코원ES,공급관,1015044.0
2012,서울,코원ES,본관,361694.0
2012,울산,경동,공급관,1046151.0
2012,울산,경동,본관,426048.0
2012,인천,삼천리,공급관,517498.0
2012,인천,삼천리,본관,260121.0
2012,인천,인천,공급관,905543.0
2012,인천,인천,본관,323098.0
2012,전남,대화,공급관,69917.0
2012,전남,대화,본관,106299.0
2012,전남,목포,공급관,155048.0
2012,전남,목포,본관,122272.0
2012,전남,전남,공급관,204287.0
2012,전남,전남,본관,125206.0
2012,전남,해양,공급관,107164.0
2012,전남,해양,본관,130627.0
2012,전북,군산,공급관,161362.0
2012,전북,군산,본관,147003.0
2012,전북,전북,공급관,711228.0
2012,전북,전북,본관,240253.0
2012,전북,전북ES,공급관,148085.0
2012,전북,전북ES,본관,100485.0
2012,제주,제주,공급관,21663.0
2012,제주,제주,본관,41021.0
2012,충남,서해,공급관,147767.0
2012,충남,서해,본관,258502.0
2012,충남,중부,공급관,544962.0
2012,충남,중부,본관,610353.0
2012,충남,충남,공급관,17945.0
2012,충남,충남,본관,13105.0
2012,충북,참빛충북,공급관,84910.0
2012,충북,참빛충북,본관,78023.0
2012,충북,충청ES,공급관,517966.0
2012,충북,충청ES,본관,364560.0
2013,강원,강원,공급관,247569.0
2013,강원,강원,본관,132739.0
2013,강원,참빛,공급관,14099.0
2013,강원,참빛,본관,38200.0
2013,강원,참빛영동,공급관,42953.0
2013,강원,참빛영동,본관,73154.0
2013,강원,참빛원주,공급관,205249.0
2013,강원,참빛원주,본관,132968.0
2013,경기,대륜,공급관,410807.0
2013,경기,대륜,본관,252773.0
2013,경기,삼천리,공급관,2981132.0
2013,경기,삼천리,본관,1530331.0
2013,경기,서울,공급관,836194.0
2013,경기,서울,본관,374199.0
2013,경기,예스코,공급관,398393.0
2013,경기,예스코,본관,282614.0
2013,경기,인천,공급관,12667.0
2013,경기,인천,본관,46783.0
2013,경기,코원ES,공급관,1060100.0
2013,경기,코원ES,본관,502642.0
2013,경남,경남,공급관,1142885.0
2013,경남,경남,본관,603494.0
2013,경남,경동,공급관,192790.0
2013,경남,경동,본관,117506.0
2013,경남,지에스이,공급관,172888.0
2013,경남,지에스이,본관,143090.0
2013,경북,대성,공급관,157922.0
2013,경북,대성,본관,102250.0
2013,경북,대성청정,공급관,118155.0
2013,경북,대성청정,본관,110792.0
2013,경북,서라벌,공급관,124742.0
2013,경북,서라벌,본관,151398.0
2013,경북,영남ES,공급관,443083.0
2013,경북,영남ES,본관,284727.0
2013,경북,포항,공급관,394929.0
2013,경북,포항,본관,182903.0
2013,광주,해양,공급관,1091043.0
2013,광주,해양,본관,301937.0
2013,대구,대성,공급관,1543505.0
2013,대구,대성,본관,570136.0
2013,대전,충남,공급관,999107.0
2013,대전,충남,본관,369140.0
2013,부산,부산,공급관,1626334.0
2013,부산,부산,본관,721007.0
2013,서울,강남,공급관,428385.0
2013,서울,강남,본관,128547.0
2013,서울,대륜,공급관,605592.0
2013,서울,대륜,본관,132426.0
2013,서울,서울,공급관,2466594.0
2013,서울,서울,본관,430231.0
2013,서울,예스코,공급관,1499743.0
2013,서울,예스코,본관,328921.0
2013,서울,코원ES,공급관,1015379.0
2013,서울,코원ES,본관,361034.0
2013,세종,중부,공급관,121018.0
2013,세종,중부,본관,82316.0
2013,세종,충청ES,공급관,4288.0
2013,세종,충청ES,본관,10922.0
2013,울산,경동,공급관,1095589.0
2013,울산,경동,본관,455042.0
2013,인천,삼천리,공급관,522876.0
2013,인천,삼천리,본관,262766.0
2013,인천,인천,공급관,955883.0
2013,인천,인천,본관,345433.0
2013,전남,대화,공급관,86695.0
2013,전남,대화,본관,110233.0
2013,전남,목포,공급관,181441.0
2013,전남,목포,본관,126656.0
2013,전남,전남,공급관,221689.0
2013,전남,전남,본관,124789.0
2013,전남,해양,공급관,142996.0
2013,전남,해양,본관,152414.0
2013,전북,군산,공급관,178715.0
2013,전북,군산,본관,154897.0
2013,전북,전북,공급관,779550.0
2013,전북,전북,본관,266274.0
2013,전북,전북ES,공급관,161099.0
2013,전북,전북ES,본관,112136.0
2013,제주,제주,공급관,23467.0
2013,제주,제주,본관,42418.0
2013,충남,서해,공급관,182765.0
2013,충남,서해,본관,296825.0
2013,충남,중부,공급관,531460.0
2013,충남,중부,본관,562839.0
2013,충남,충남,공급관,18124.0
2013,충남,충남,본관,13283.0
2013,충북,참빛충북,공급관,107367.0
2013,충북,참빛충북,본관,79916.0
2013,충북,충청ES,공급관,543597.0
2013,충북,충청ES,본관,390752.0
2014,강원,강원,공급관,252000.0
2014,강원,강원,본관,135000.0
2014,강원,참빛,공급관,15316.0
2014,강원,참빛,본관,38263.0
2014,강원,참빛영동,공급관,43575.0
2014,강원,참빛영동,본관,76972.0
2014,강원,참빛원주,공급관,227243.0
2014,강원,참빛원주,본관,139831.0
2014,경기,대륜,공급관,473307.0
2014,경기,대륜,본관,282263.0
2014,경기,삼천리,공급관,3102633.0
2014,경기,삼천리,본관,1577810.0
2014,경기,서울,공급관,915979.0
2014,경기,서울,본관,385605.0
2014,경기,예스코,공급관,441307.0
2014,경기,예스코,본관,301360.0
2014,경기,인천,공급관,13910.0
2014,경기,인천,본관,52178.0
2014,경기,코원ES,공급관,1105711.0
2014,경기,코원ES,본관,521519.0
2014,경남,경남,공급관,1217758.0
2014,경남,경남,본관,621470.0
2014,경남,경동,공급관,205810.0
2014,경남,경동,본관,124387.0
2014,경남,지에스이,공급관,222363.0
2014,경남,지에스이,본관,146366.0
2014,경북,대성,공급관,163890.0
2014,경북,대성,본관,102454.0
2014,경북,대성청정,공급관,93410.0
2014,경북,대성청정,본관,79229.0
2014,경북,서라벌,공급관,142432.0
2014,경북,서라벌,본관,158420.0
2014,경북,영남ES,공급관,475434.0
2014,경북,영남ES,본관,290128.0
2014,경북,포항,공급관,411600.0
2014,경북,포항,본관,187200.0
2014,광주,해양,공급관,1133361.0
2014,광주,해양,본관,305455.0
2014,대구,대성,공급관,1639276.0
2014,대구,대성,본관,572969.0
2014,대전,충남,공급관,1052922.0
2014,대전,충남,본관,374708.0
2014,부산,부산,공급관,1672234.0
2014,부산,부산,본관,733349.0
2014,서울,강남,공급관,428606.0
2014,서울,강남,본관,128577.0
2014,서울,대륜,공급관,607593.0
2014,서울,대륜,본관,131968.0
2014,서울,서울,공급관,2473299.0
2014,서울,서울,본관,431397.0
2014,서울,예스코,공급관,1499965.0
2014,서울,예스코,본관,331067.0
2014,서울,코원ES,공급관,1023106.0
2014,서울,코원ES,본관,370478.0
2014,세종,중부,공급관,160137.0
2014,세종,중부,본관,84300.0
2014,세종,충청ES,공급관,5703.0
2014,세종,충청ES,본관,12686.0
2014,울산,경동,공급관,1140836.0
2014,울산,경동,본관,468820.0
2014,인천,삼천리,공급관,528371.0
2014,인천,삼천리,본관,266253.0
2014,인천,인천,공급관,981073.0
2014,인천,인천,본관,349960.0
2014,전남,대화,공급관,119348.0
2014,전남,대화,본관,111473.0
2014,전남,목포,공급관,202377.0
2014,전남,목포,본관,129936.0
2014,전남,전남,공급관,245565.0
2014,전남,전남,본관,129682.0
2014,전남,해양,공급관,174170.0
2014,전남,해양,본관,169734.0
2014,전북,군산,공급관,187442.0
2014,전북,군산,본관,161645.0
2014,전북,전북,공급관,851223.0
2014,전북,전북,본관,285945.0
2014,전북,전북ES,공급관,171831.0
2014,전북,전북ES,본관,116829.0
2014,제주,제주,공급관,25500.0
2014,제주,제주,본관,45268.0
2014,충남,서해,공급관,223523.0
2014,충남,서해,본관,320647.0
2014,충남,중부,공급관,574561.0
2014,충남,중부,본관,574721.0
2014,충남,충남,공급관,18214.0
2014,충남,충남,본관,13311.0
2014,충북,참빛충북,공급관,124138.0
2014,충북,참빛충북,본관,82670.0
2014,충북,충청ES,공급관,581469.0
2014,충북,충청ES,본관,402495.0
2015,강원,강원,공급관,267090.0
2015,강원,강원,본관,138423.0
2015,강원,참빛,공급관,17177.0
2015,강원,참빛,본관,40673.0
2015,강원,참빛영동,공급관,65072.0
2015,강원,참빛영동,본관,86285.0
2015,강원,참빛원주,공급관,243706.0
2015,강원,참빛원주,본관,143058.0
2015,경기,대륜,공급관,504801.0
2015,경기,대륜,본관,291316.0
2015,경기,삼천리,공급관,3192540.0
2015,경기,삼천리,본관,1600874.0
2015,경기,서울,공급관,965238.0
2015,경기,서울,본관,391276.0
2015,경기,예스코,공급관,450727.0
2015,경기,예스코,본관,307263.0
2015,경기,인천,공급관,14438.0
2015,경기,인천,본관,55151.0
2015,경기,코원ES,공급관,1141566.0
2015,경기,코원ES,본관,542239.0
2015,경남,경남,공급관,1293110.0
2015,경남,경남,본관,645969.0
2015,경남,경동,공급관,222252.0
2015,경남,경동,본관,127493.0
2015,경남,지에스이,공급관,239548.0
2015,경남,지에스이,본관,147367.0
2015,경북,대성,공급관,177659.0
2015,경북,대성,본관,106483.0
2015,경북,대성청정,공급관,122330.0
2015,경북,대성청정,본관,96632.0
2015,경북,서라벌,공급관,180949.0
2015,경북,서라벌,본관,177350.0
2015,경북,영남ES,공급관,495424.0
2015,경북,영남ES,본관,296767.0
2015,경북,포항,공급관,420681.0
2015,경북,포항,본관,189424.0
2015,광주,해양,공급관,1169636.0
2015,광주,해양,본관,315078.0
2015,대구,대성,공급관,1728383.0
2015,대구,대성,본관,567138.0
2015,대전,충남,공급관,1100948.0
2015,대전,충남,본관,382691.0
2015,부산,부산,공급관,1714496.0
2015,부산,부산,본관,744220.0
2015,서울,귀뚜라미,공급관,428850.0
2015,서울,귀뚜라미,본관,128568.0
2015,서울,대륜,공급관,605990.0
2015,서울,대륜,본관,131848.0
2015,서울,서울,공급관,2480186.0
2015,서울,서울,본관,434069.0
2015,서울,예스코,공급관,1492974.0
2015,서울,예스코,본관,331328.0
2015,서울,코원ES,공급관,1024508.0
2015,서울,코원ES,본관,376080.0
2015,세종,중부,공급관,177341.0
2015,세종,중부,본관,89219.0
2015,세종,충청ES,공급관,6780.0
2015,세종,충청ES,본관,16640.0
2015,울산,경동,공급관,1198502.0
2015,울산,경동,본관,476022.0
2015,인천,삼천리,공급관,533885.0
2015,인천,삼천리,본관,267517.0
2015,인천,인천,공급관,1013338.0
2015,인천,인천,본관,357338.0
2015,전남,대화,공급관,153562.0
2015,전남,대화,본관,111651.0
2015,전남,목포,공급관,221636.0
2015,전남,목포,본관,131020.0
2015,전남,전남,공급관,276462.0
2015,전남,전남,본관,135813.0
2015,전남,해양,공급관,232108.0
2015,전남,해양,본관,208303.0
2015,전북,군산,공급관,199471.0
2015,전북,군산,본관,166531.0
2015,전북,전북,공급관,920284.0
2015,전북,전북,본관,289986.0
2015,전북,전북ES,공급관,184120.0
2015,전북,전북ES,본관,119482.0
2015,제주,제주,공급관,26342.0
2015,제주,제주,본관,46526.0
2015,충남,서해,공급관,273686.0
2015,충남,서해,본관,330461.0
2015,충남,중부,공급관,632425.0
2015,충남,중부,본관,595407.0
2015,충남,충남,공급관,19723.0
2015,충남,충남,본관,13898.0
2015,충북,참빛충북,공급관,144148.0
2015,충북,참빛충북,본관,86265.0
2015,충북,충청ES,공급관,611615.0
2015,충북,충청ES,본관,412180.0
2016,강원,강원,공급관,269558.0
2016,강원,강원,본관,146923.0
2016,강원,명성,공급관,0.0
2016,강원,명성,본관,8287.0
2016,강원,참빛,공급관,17901.0
2016,강원,참빛,본관,41512.0
2016,강원,참빛영동,공급관,74290.0
2016,강원,참빛영동,본관,94911.0
2016,강원,참빛원주,공급관,266459.0
2016,강원,참빛원주,본관,143482.0
2016,경기,대륜,공급관,522340.0
2016,경기,대륜,본관,300438.0
2016,경기,삼천리,공급관,3298332.0
2016,경기,삼천리,본관,1640401.0
2016,경기,서울,공급관,1026913.0
2016,경기,서울,본관,394239.0
2016,경기,예스코,공급관,482078.0
2016,경기,예스코,본관,310717.0
2016,경기,인천,공급관,14629.0
2016,경기,인천,본관,57215.0
2016,경기,코원ES,공급관,1181695.0
2016,경기,코원ES,본관,544180.0
2016,경남,경남,공급관,1383798.0
2016,경남,경남,본관,664051.0
2016,경남,경동,공급관,239645.0
2016,경남,경동,본관,129822.0
2016,경남,지에스이,공급관,279997.0
2016,경남,지에스이,본관,152442.0
2016,경북,대성,공급관,189567.0
2016,경북,대성,본관,106906.0
2016,경북,대성청정,공급관,137591.0
2016,경북,대성청정,본관,104535.0
2016,경북,서라벌,공급관,201277.0
2016,경북,서라벌,본관,194357.0
2016,경북,영남ES,공급관,510537.0
2016,경북,영남ES,본관,303958.0
2016,경북,포항,공급관,434620.0
2016,경북,포항,본관,195561.0
2016,광주,해양,공급관,1191696.0
2016,광주,해양,본관,320931.0
2016,대구,대성,공급관,1830571.0
2016,대구,대성,본관,573997.0
2016,대전,충남,공급관,1142695.0
2016,대전,충남,본관,379054.0
2016,부산,부산,공급관,1767039.0
2016,부산,부산,본관,752627.0
2016,서울,귀뚜라미,공급관,457523.0
2016,서울,귀뚜라미,본관,130427.0
2016,서울,대륜,공급관,602873.0
2016,서울,대륜,본관,132194.0
2016,서울,서울,공급관,2464102.0
2016,서울,서울,본관,434554.0
2016,서울,예스코,공급관,1491635.0
2016,서울,예스코,본관,353983.0
2016,서울,코원ES,공급관,1025795.0
2016,서울,코원ES,본관,375935.0
2016,세종,중부,공급관,196511.0
2016,세종,중부,본관,93623.0
2016,세종,충청ES,공급관,7020.0
2016,세종,충청ES,본관,13004.0
2016,울산,경동,공급관,1248180.0
2016,울산,경동,본관,481643.0
2016,인천,삼천리,공급관,543039.0
2016,인천,삼천리,본관,272178.0
2016,인천,인천,공급관,1027162.0
2016,인천,인천,본관,373498.0
2016,전남,대화,공급관,172189.0
2016,전남,대화,본관,111735.0
2016,전남,목포,공급관,248692.0
2016,전남,목포,본관,143479.0
2016,전남,전남,공급관,298549.0
2016,전남,전남,본관,142036.0
2016,전남,해양,공급관,265365.0
2016,전남,해양,본관,221246.0
2016,전북,군산,공급관,217266.0
2016,전북,군산,본관,167756.0
2016,전북,전북,공급관,969325.0
2016,전북,전북,본관,297699.0
2016,전북,전북ES,공급관,189437.0
2016,전북,전북ES,본관,126764.0
2016,제주,제주,공급관,27513.0
2016,제주,제주,본관,47477.0
2016,충남,서해,공급관,298254.0
2016,충남,서해,본관,345608.0
2016,충남,중부,공급관,691371.0
2016,충남,중부,본관,607376.0
2016,충남,충남,공급관,20255.0
2016,충남,충남,본관,16178.0
2016,충북,참빛충북,공급관,164887.0
2016,충북,참빛충북,본관,96048.0
2016,충북,충청ES,공급관,648616.0
2016,충북,충청ES,본관,428039.0
2017,강원,강원,공급관,280026.0
2017,강원,강원,본관,153792.0
2017,강원,명성,공급관,12.0
2017,강원,명성,본관,10998.0
2017,강원,참빛,공급관,21346.0
2017,강원,참빛,본관,42799.0
2017,강원,참빛영동,공급관,83378.0
2017,강원,참빛영동,본관,101846.0
2017,강원,참빛원주,공급관,284227.0
2017,강원,참빛원주,본관,146507.0
2017,경기,대륜,공급관,544174.0
2017,경기,대륜,본관,305458.0
2017,경기,삼천리,공급관,3444937.0
2017,경기,삼천리,본관,1694144.0
2017,경기,서울,공급관,1069268.0
2017,경기,서울,본관,394873.0
2017,경기,예스코,공급관,515223.0
2017,경기,예스코,본관,334354.0
2017,경기,인천,공급관,15258.0
2017,경기,인천,본관,58207.0
2017,경기,코원ES,공급관,1218916.0
2017,경기,코원ES,본관,551880.0
2017,경남,경남,공급관,1472861.0
2017,경남,경남,본관,672131.0
2017,경남,경동,공급관,252878.0
2017,경남,경동,본관,131574.0
2017,경남,지에스이,공급관,318048.0
2017,경남,지에스이,본관,157242.0
2017,경북,대성,공급관,200331.0
2017,경북,대성,본관,107902.0
2017,경북,대성청정,공급관,155747.0
2017,경북,대성청정,본관,110658.0
2017,경북,서라벌,공급관,220857.0
2017,경북,서라벌,본관,200357.0
2017,경북,영남ES,공급관,524688.0
2017,경북,영남ES,본관,312017.0
2017,경북,포항,공급관,453440.0
2017,경북,포항,본관,205209.0
2017,광주,해양,공급관,1215952.0
2017,광주,해양,본관,326814.0
2017,대구,대성,공급관,1924434.0
2017,대구,대성,본관,580672.0
2017,대전,CNCITY,공급관,1177659.0
2017,대전,CNCITY,본관,380232.0
2017,부산,부산,공급관,1808396.0
2017,부산,부산,본관,753534.0
2017,서울,귀뚜라미,공급관,450611.0
2017,서울,귀뚜라미,본관,130554.0
2017,서울,대륜,공급관,594511.0
2017,서울,대륜,본관,132168.0
2017,서울,서울,공급관,2439709.0
2017,서울,서울,본관,434397.0
2017,서울,예스코,공급관,1502961.0
2017,서울,예스코,본관,332427.0
2017,서울,코원ES,공급관,1023047.0
2017,서울,코원ES,본관,375660.0
2017,세종,중부,공급관,207363.0
2017,세종,중부,본관,93641.0
2017,세종,충청ES,공급관,7157.0
2017,세종,충청ES,본관,16911.0
2017,울산,경동,공급관,1295736.0
2017,울산,경동,본관,488116.0
2017,인천,삼천리,공급관,550068.0
2017,인천,삼천리,본관,273773.0
2017,인천,인천,공급관,1045961.0
2017,인천,인천,본관,382206.0
2017,전남,대화,공급관,185563.0
2017,전남,대화,본관,112881.0
2017,전남,목포,공급관,280140.0
2017,전남,목포,본관,144816.0
2017,전남,전남,공급관,325313.0
2017,전남,전남,본관,144271.0
2017,전남,해양,공급관,301983.0
2017,전남,해양,본관,230310.0
2017,전북,군산,공급관,224152.0
2017,전북,군산,본관,169387.0
2017,전북,전북,공급관,999089.0
2017,전북,전북,본관,303582.0
2017,전북,전북ES,공급관,195704.0
2017,전북,전북ES,본관,136705.0
2017,제주,제주,공급관,28482.0
2017,제주,제주,본관,47823.0
2017,충남,CNCITY,공급관,20642.0
2017,충남,CNCITY,본관,16234.0
2017,충남,서해,공급관,355555.0
2017,충남,서해,본관,373853.0
2017,충남,중부,공급관,756390.0
2017,충남,중부,본관,613230.0
2017,충북,참빛충북,공급관,181636.0
2017,충북,참빛충북,본관,99179.0
2017,충북,충청ES,공급관,681488.0
2017,충북,충청ES,본관,428626.0
2018,강원,강원,공급관,299388.0
2018,강원,강원,본관,162676.0
2018,강원,명성,공급관,12.0
2018,강원,명성,본관,11068.0
2018,강원,참빛,공급관,23431.0
2018,강원,참빛,본관,45309.0
2018,강원,참빛영동,공급관,93499.0
2018,강원,참빛영동,본관,108239.0
2018,강원,참빛원주,공급관,305327.0
2018,강원,참빛원주,본관,160479.0
2018,경기,대륜,공급관,619072.0
2018,경기,대륜,본관,309773.0
2018,경기,삼천리,공급관,3592433.0
2018,경기,삼천리,본관,1740277.0
2018,경기,서울,공급관,1123192.0
2018,경기,서울,본관,401101.0
2018,경기,예스코,공급관,577895.0
2018,경기,예스코,본관,343483.0
2018,경기,인천,공급관,16558.0
2018,경기,인천,본관,59200.0
2018,경기,코원ES,공급관,1254950.0
2018,경기,코원ES,본관,558052.0
2018,경남,경남,공급관,1580190.0
2018,경남,경남,본관,680650.0
2018,경남,경동,공급관,266220.0
2018,경남,경동,본관,134368.0
2018,경남,지에스이,공급관,354653.0
2018,경남,지에스이,본관,158820.0
2018,경북,대성,공급관,211669.0
2018,경북,대성,본관,114167.0
2018,경북,대성청정,공급관,176376.0
2018,경북,대성청정,본관,116261.0
2018,경북,서라벌,공급관,239145.0
2018,경북,서라벌,본관,203645.0
2018,경북,영남ES,공급관,534541.0
2018,경북,영남ES,본관,326619.0
2018,경북,포항,공급관,481213.0
2018,경북,포항,본관,216516.0
2018,광주,해양,공급관,1251910.0
2018,광주,해양,본관,329714.0
2018,대구,대성,공급관,1986716.0
2018,대구,대성,본관,586194.0
2018,대전,CNCITY,공급관,1204563.0
2018,대전,CNCITY,본관,381420.0
2018,부산,부산,공급관,1847933.0
2018,부산,부산,본관,762654.0
2018,서울,귀뚜라미,공급관,452541.0
2018,서울,귀뚜라미,본관,130531.0
2018,서울,대륜,공급관,624058.0
2018,서울,대륜,본관,131976.0
2018,서울,서울,공급관,2427516.0
2018,서울,서울,본관,433572.0
2018,서울,예스코,공급관,1502390.0
2018,서울,예스코,본관,332320.0
2018,서울,코원ES,공급관,1024222.0
2018,서울,코원ES,본관,375395.0
2018,세종,JB,공급관,232519.0
2018,세종,JB,본관,98156.0
2018,세종,충청ES,공급관,7339.0
2018,세종,충청ES,본관,16971.0
2018,울산,경동,공급관,1337257.0
2018,울산,경동,본관,495492.0
2018,인천,삼천리,공급관,555564.0
2018,인천,삼천리,본관,277060.0
2018,인천,인천,공급관,1055687.0
2018,인천,인천,본관,387945.0
2018,전남,대화,공급관,219159.0
2018,전남,대화,본관,115603.0
2018,전남,목포,공급관,299853.0
2018,전남,목포,본관,145450.0
2018,전남,전남,공급관,348784.0
2018,전남,전남,본관,145012.0
2018,전남,해양,공급관,359175.0
2018,전남,해양,본관,243938.0
2018,전북,군산,공급관,241831.0
2018,전북,군산,본관,175602.0
2018,전북,전북,공급관,1024705.0
2018,전북,전북,본관,308611.0
2018,전북,전북ES,공급관,204107.0
2018,전북,전북ES,본관,147125.0
2018,제주,제주,공급관,33514.0
2018,제주,제주,본관,53042.0
2018,충남,CNCITY,공급관,25190.0
2018,충남,CNCITY,본관,17318.0
2018,충남,JB,공급관,828535.0
2018,충남,JB,본관,646190.0
2018,충남,서해,공급관,390875.0
2018,충남,서해,본관,382806.0
2018,충북,참빛충북,공급관,193731.0
2018,충북,참빛충북,본관,101616.0
2018,충북,충청ES,공급관,723879.0
2018,충북,충청ES,본관,443433.0
2019,강원,강원,공급관,308405.0
2019,강원,강원,본관,169199.0
2019,강원,명성,공급관,12.0
2019,강원,명성,본관,11074.0
2019,강원,참빛,공급관,25979.0
2019,강원,참빛,본관,48648.0
2019,강원,참빛영동,공급관,104660.0
2019,강원,참빛영동,본관,110768.0
2019,강원,참빛원주,공급관,313727.0
2019,강원,참빛원주,본관,164707.0
2019,경기,대륜,공급관,635650.0
2019,경기,대륜,본관,311528.0
2019,경기,삼천리,공급관,3723409.9900000114
2019,경기,삼천리,본관,1784802.1200000008
2019,경기,서울,공급관,1176769.2
2019,경기,서울,본관,407748.4
2019,경기,예스코,공급관,605782.0
2019,경기,예스코,본관,348197.0
2019,경기,인천,공급관,17444.0
2019,경기,인천,본관,59454.0
2019,경기,코원ES,공급관,1255971.0
2019,경기,코원ES,본관,565054.0
2019,경남,경남,공급관,1639810.0
2019,경남,경남,본관,690001.0
2019,경남,경동,공급관,275783.2
2019,경남,경동,본관,138418.5
2019,경남,지에스이,공급관,396354.0
2019,경남,지에스이,본관,166471.0
2019,경북,대성,공급관,227523.0
2019,경북,대성,본관,117740.8
2019,경북,대성청정,공급관,200867.0
2019,경북,대성청정,본관,118516.0
2019,경북,서라벌,공급관,255324.0
2019,경북,서라벌,본관,215742.0
2019,경북,영남ES(구미),공급관,549194.9
2019,경북,영남ES(구미),본관,327569.4
2019,경북,영남ES(포항),공급관,500328.0
2019,경북,영남ES(포항),본관,228916.0
2019,광주,해양,공급관,1286939.7000000002
2019,광주,해양,본관,335288.4
2019,대구,대성,공급관,2036139.56
2019,대구,대성,본관,591029.4
2019,대전,CNCITY,공급관,1238618.0
2019,대전,CNCITY,본관,386149.0
2019,부산,부산,공급관,1886626.0
2019,부산,부산,본관,764549.0
2019,서울,귀뚜라미,공급관,453768.0
2019,서울,귀뚜라미,본관,130371.0
2019,서울,대륜,공급관,621891.0
2019,서울,대륜,본관,132227.0
2019,서울,서울,공급관,2424165.6
2019,서울,서울,본관,432754.3
2019,서울,예스코,공급관,1492364.0
2019,서울,예스코,본관,332567.0
2019,서울,코원ES,공급관,1024639.0
2019,서울,코원ES,본관,377854.0
2019,세종,JB,공급관,249335.75
2019,세종,JB,본관,99316.85
2019,세종,충청ES,공급관,7413.4
2019,세종,충청ES,본관,9577.3
2019,울산,경동,공급관,1385563.3
2019,울산,경동,본관,500272.0
2019,인천,삼천리,공급관,557094.5300000003
2019,인천,삼천리,본관,280712.23999999947
2019,인천,인천,공급관,1064298.0
2019,인천,인천,본관,393053.0
2019,전남,대화,공급관,265386.0
2019,전남,대화,본관,118213.0
2019,전남,목포,공급관,321984.8
2019,전남,목포,본관,147879.0
2019,전남,전남,공급관,363871.78
2019,전남,전남,본관,149759.53
2019,전남,해양,공급관,417440.0
2019,전남,해양,본관,259893.0
2019,전북,군산,공급관,260877.87
2019,전북,군산,본관,180193.9
2019,전북,전북,공급관,1061209.0
2019,전북,전북,본관,315534.0
2019,전북,전북ES,공급관,209448.0
2019,전북,전북ES,본관,155945.0
2019,제주,제주,공급관,35243.0
2019,제주,제주,본관,55517.0
2019,충남,CNCITY,공급관,25558.0
2019,충남,CNCITY,본관,17597.0
2019,충남,JB,공급관,894144.0
2019,충남,JB,본관,662378.0
2019,충남,서해,공급관,434956.0
2019,충남,서해,본관,407631.0
2019,충북,참빛충북,공급관,203495.64
2019,충북,참빛충북,본관,102778.71
2019,충북,충청ES,공급관,760120.13
2019,충북,충청ES,본관,461343.31
2020,강원,강원,공급관,318216.0
2020,강원,강원,본관,175167.0
2020,강원,명성,공급관,2319.2
2020,강원,명성,본관,11173.2
2020,강원,참빛,공급관,33146.0
2020,강원,참빛,본관,50951.0
2020,강원,참빛영동,공급관,113865.0
2020,강원,참빛영동,본관,113023.0
2020,강원,참빛원주,공급관,331441.6
2020,강원,참빛원주,본관,168494.2
2020,경기,대륜,공급관,666647.1
2020,경기,대륜,본관,319399.11
2020,경기,삼천리,공급관,3882228.7
2020,경기,삼천리,본관,1840561.8
2020,경기,서울,공급관,1250108.0
2020,경기,서울,본관,417002.0
2020,경기,예스코,공급관,637754.6
2020,경기,예스코,본관,349830.5
2020,경기,인천,공급관,18698.0
2020,경기,인천,본관,62847.0
2020,경기,코원ES,공급관,1269280.0
2020,경기,코원ES,본관,566733.0
2020,경남,경남,공급관,1700152.0
2020,경남,경남,본관,699510.0
2020,경남,경동,공급관,286881.4
2020,경남,경동,본관,138447.0
2020,경남,지에스이,공급관,445075.0
2020,경남,지에스이,본관,186450.0
2020,경북,대성,공급관,237966.4
2020,경북,대성,본관,122424.5
2020,경북,대성청정,공급관,226099.0
2020,경북,대성청정,본관,123887.0
2020,경북,서라벌,공급관,278423.0
2020,경북,서라벌,본관,216867.0
2020,경북,영남ES(구미),공급관,560870.6
2020,경북,영남ES(구미),본관,331424.6
2020,경북,영남ES(포항),공급관,524365.0
2020,경북,영남ES(포항),본관,230550.0
2020,광주,해양,공급관,1307482.0
2020,광주,해양,본관,337721.0
2020,대구,대성,공급관,2053245.8
2020,대구,대성,본관,595808.7
2020,대전,CNCITY,공급관,1262471.0
2020,대전,CNCITY,본관,392188.0
2020,부산,부산,공급관,1928581.0
2020,부산,부산,본관,770302.0
2020,서울,귀뚜라미,공급관,454429.0
2020,서울,귀뚜라미,본관,130506.0
2020,서울,대륜,공급관,619516.9
2020,서울,대륜,본관,132546.0
2020,서울,서울,공급관,2416257.0
2020,서울,서울,본관,432641.0
2020,서울,예스코,공급관,1487938.2
2020,서울,예스코,본관,332045.47
2020,서울,코원ES,공급관,1028526.0
2020,서울,코원ES,본관,380147.0
2020,세종,JB,공급관,259374.0
2020,세종,JB,본관,100004.0
2020,세종,충청ES,공급관,7558.0
2020,세종,충청ES,본관,9531.0
2020,울산,경동,공급관,1444737.7
2020,울산,경동,본관,506317.7
2020,인천,삼천리,공급관,566263.4
2020,인천,삼천리,본관,282013.0
2020,인천,인천,공급관,1075481.0
2020,인천,인천,본관,399376.0
2020,전남,대화,공급관,301124.0
2020,전남,대화,본관,132189.0
2020,전남,목포,공급관,346818.5
2020,전남,목포,본관,154002.7
2020,전남,전남,공급관,382085.0
2020,전남,전남,본관,150992.0
2020,전남,해양,공급관,462015.0
2020,전남,해양,본관,275614.0
2020,전북,군산,공급관,278885.62
2020,전북,군산,본관,187147.4
2020,전북,전북,공급관,1092577.0
2020,전북,전북,본관,322496.0
2020,전북,전북ES,공급관,222081.0
2020,전북,전북ES,본관,157020.0
2020,제주,제주,공급관,47786.79
2020,제주,제주,본관,69224.83
2020,충남,CNCITY,공급관,25629.0
2020,충남,CNCITY,본관,17606.0
2020,충남,JB,공급관,947369.0
2020,충남,JB,본관,679926.0
2020,충남,서해,공급관,470785.0
2020,충남,서해,본관,428875.0
2020,충북,참빛충북,공급관,212538.04
2020,충북,참빛충북,본관,103211.71
2020,충북,충청ES,공급관,789964.0
2020,충북,충청ES,본관,476461.0
2021,강원,강원,공급관,323798.0
2021,강원,강원,본관,178077.0
2021,강원,명성,공급관,2602.0
2021,강원,명성,본관,11234.0
2021,강원,참빛,공급관,38094.0
2021,강원,참빛,본관,51925.0
2021,강원,참빛영동,공급관,123158.0
2021,강원,참빛영동,본관,114555.0
2021,강원,참빛원주,공급관,342671.0
2021,강원,참빛원주,본관,170503.0
2021,경기,대륜,공급관,686440.0
2021,경기,대륜,본관,331619.0
2021,경기,삼천리,공급관,4033762.0
2021,경기,삼천리,본관,1894275.0
2021,경기,서울,공급관,1294069.0
2021,경기,서울,본관,429730.0
2021,경기,예스코,공급관,798122.0
2021,경기,예스코,본관,360739.0
2021,경기,인천,공급관,18826.0
2021,경기,인천,본관,69482.0
2021,경기,코원ES,공급관,1289805.0
2021,경기,코원ES,본관,569103.0
2021,경남,경남,공급관,1754111.0
2021,경남,경남,본관,714401.0
2021,경남,경동,공급관,303210.0
2021,경남,경동,본관,140309.0
2021,경남,지에스이,공급관,486948.0
2021,경남,지에스이,본관,189999.0
2021,경북,대성,공급관,249799.0
2021,경북,대성,본관,123492.0
2021,경북,대성청정,공급관,256711.0
2021,경북,대성청정,본관,124663.0
2021,경북,서라벌,공급관,301811.0
2021,경북,서라벌,본관,226983.0
2021,경북,영남ES(구미),공급관,573407.0
2021,경북,영남ES(구미),본관,336453.0
2021,경북,영남ES(포항),공급관,552130.0
2021,경북,영남ES(포항),본관,234665.0
2021,광주,해양,공급관,1323469.0
2021,광주,해양,본관,341023.0
2021,대구,대성,공급관,2078891.0
2021,대구,대성,본관,597827.0
2021,대전,CNCITY,공급관,1283852.0
2021,대전,CNCITY,본관,398724.0
2021,부산,부산,공급관,1961920.0
2021,부산,부산,본관,772880.0
2021,서울,귀뚜라미,공급관,455534.0
2021,서울,귀뚜라미,본관,130682.0
2021,서울,대륜,공급관,621390.0
2021,서울,대륜,본관,132024.0
2021,서울,서울,공급관,2417509.0
2021,서울,서울,본관,437366.0
2021,서울,예스코,공급관,1909958.0
2021,서울,예스코,본관,331717.0
2021,서울,코원ES,공급관,1037821.0
2021,서울,코원ES,본관,380323.0
2021,세종,JB,공급관,263992.0
2021,세종,JB,본관,109570.0
2021,세종,충청ES,공급관,7922.0
2021,세종,충청ES,본관,9531.0
2021,울산,경동,공급관,1492590.0
2021,울산,경동,본관,512308.0
2021,인천,삼천리,공급관,567908.0
2021,인천,삼천리,본관,284024.0
2021,인천,인천,공급관,1091696.0
2021,인천,인천,본관,405661.0
2021,전남,대화,공급관,315694.0
2021,전남,대화,본관,137020.0
2021,전남,목포,공급관,365489.0
2021,전남,목포,본관,173310.0
2021,전남,전남,공급관,398182.0
2021,전남,전남,본관,153357.0
2021,전남,해양,공급관,488844.0
2021,전남,해양,본관,277319.0
2021,전북,군산,공급관,307931.0
2021,전북,군산,본관,191160.0
2021,전북,전북,공급관,1117122.0
2021,전북,전북,본관,329127.0
2021,전북,전북ES,공급관,235710.0
2021,전북,전북ES,본관,159413.0
2021,제주,제주,공급관,60635.0
2021,제주,제주,본관,70755.0
2021,충남,CNCITY,공급관,25960.0
2021,충남,CNCITY,본관,17606.0
2021,충남,JB,공급관,1009535.0
2021,충남,JB,본관,689192.0
2021,충남,서해,공급관,502460.0
2021,충남,서해,본관,444406.0
2021,충북,참빛충북,공급관,224814.0
2021,충북,참빛충북,본관,110381.0
2021,충북,충청ES,공급관,811984.0
2021,충북,충청ES,본관,490035.0
2022,강원,강원,공급관,340728.72
2022,강원,강원,본관,184526.71
2022,강원,명성,공급관,3714.0
2022,강원,명성,본관,11234.0
2022,강원,참빛,공급관,42294.0
2022,강원,참빛,본관,53518.0
2022,강원,참빛영동,공급관,133295.0
2022,강원,참빛영동,본관,116189.0
2022,강원,참빛원주,공급관,351829.1
2022,강원,참빛원주,본관,171009.5
2022,경기,대륜,공급관,715814.2
2022,경기,대륜,본관,340199.0
2022,경기,삼천리,공급관,4142205.7
2022,경기,삼천리,본관,1920348.3
2022,경기,서울,공급관,1327434.0
2022,경기,서울,본관,431523.0
2022,경기,예스코,공급관,837307.0
2022,경기,예스코,본관,361361.0
2022,경기,인천,공급관,19538.0
2022,경기,인천,본관,69625.1
2022,경기,코원ES,공급관,1337480.0
2022,경기,코원ES,본관,580947.0
2022,경남,경남,공급관,1797363.0
2022,경남,경남,본관,722971.0
2022,경남,경동,공급관,312305.0
2022,경남,경동,본관,140419.0
2022,경남,지에스이,공급관,538786.0
2022,경남,지에스이,본관,193776.0
2022,경북,대성,공급관,258450.6
2022,경북,대성,본관,124782.0
2022,경북,대성청정,공급관,278266.0
2022,경북,대성청정,본관,124726.0
2022,경북,서라벌,공급관,323343.0
2022,경북,서라벌,본관,232582.0
2022,경북,영남ES(구미),공급관,583889.8
2022,경북,영남ES(구미),본관,339202.4
2022,경북,영남ES(포항),공급관,577308.0
2022,경북,영남ES(포항),본관,237646.0
2022,광주,해양,공급관,1345945.0
2022,광주,해양,본관,343232.0
2022,대구,대성,공급관,2098023.85
2022,대구,대성,본관,600701.4
2022,대전,CNCITY,공급관,1299882.9
2022,대전,CNCITY,본관,403137.17
2022,부산,부산,공급관,1990961.0
2022,부산,부산,본관,778685.0
2022,서울,귀뚜라미,공급관,455996.0
2022,서울,귀뚜라미,본관,130719.0
2022,서울,대륜,공급관,621554.1
2022,서울,대륜,본관,131848.8
2022,서울,서울,공급관,2414531.0
2022,서울,서울,본관,436336.0
2022,서울,예스코,공급관,1911874.0
2022,서울,예스코,본관,331790.0
2022,서울,코원ES,공급관,1040703.0
2022,서울,코원ES,본관,381415.0
2022,세종,JB,공급관,278662.0
2022,세종,JB,본관,110524.0
2022,세종,충청ES,공급관,8163.0
2022,세종,충청ES,본관,12628.0
2022,울산,경동,공급관,1531930.0
2022,울산,경동,본관,515377.0
2022,인천,삼천리,공급관,573886.5
2022,인천,삼천리,본관,285671.3
2022,인천,인천,공급관,1101347.97
2022,인천,인천,본관,415242.34
2022,전남,대화,공급관,320115.9
2022,전남,대화,본관,139387.4
2022,전남,목포,공급관,400561.3
2022,전남,목포,본관,183285.8
2022,전남,전남,공급관,414400.0
2022,전남,전남,본관,155935.0
2022,전남,해양,공급관,521662.0
2022,전남,해양,본관,280805.0
2022,전북,군산,공급관,332468.0
2022,전북,군산,본관,197913.4
2022,전북,전북,공급관,1146243.0
2022,전북,전북,본관,331454.0
2022,전북,전북ES,공급관,244064.0
2022,전북,전북ES,본관,163843.0
2022,제주,제주,공급관,80600.0
2022,제주,제주,본관,73095.0
2022,충남,CNCITY,공급관,26349.87
2022,충남,CNCITY,본관,18354.16
2022,충남,JB,공급관,1059388.0
2022,충남,JB,본관,695874.0
2022,충남,서해,공급관,547175.0
2022,충남,서해,본관,458898.0
2022,충북,참빛충북,공급관,229827.84
2022,충북,참빛충북,본관,117746.91
2022,충북,충청ES,공급관,841673.0
2022,충북,충청ES,본관,498392.0
2023,강원,강원,공급관,349195.42
2023,강원,강원,본관,201613.01
2023,강원,명성,공급관,3981.8
2023,강원,명성,본관,11318.5
2023,강원,참빛,공급관,48778.0
2023,강원,참빛,본관,53523.0
2023,강원,참빛영동,공급관,145482.0
2023,강원,참빛영동,본관,117499.0
2023,강원,참빛원주,공급관,359743.4
2023,강원,참빛원주,본관,171894.3
2023,경기,대륜,공급관,816176.2
2023,경기,대륜,본관,346347.2
2023,경기,삼천리,공급관,5120890.299999999
2023,경기,삼천리,본관,1935729.2
2023,경기,서울,공급관,1350618.0
2023,경기,서울,본관,436537.0
2023,경기,예스코,공급관,879524.0
2023,경기,예스코,본관,366320.0
2023,경기,인천,공급관,20824.5
2023,경기,인천,본관,76890.9
2023,경기,코원ES,공급관,1343909.0
2023,경기,코원ES,본관,592280.0
2023,경남,경남,공급관,1840980.0
2023,경남,경남,본관,728571.0
2023,경남,경동,공급관,316537.9
2023,경남,경동,본관,141023.7
2023,경남,지에스이,공급관,570636.0
2023,경남,지에스이,본관,196091.0
2023,경북,대성,공급관,263743.3
2023,경북,대성,본관,125797.0
2023,경북,대성청정,공급관,302292.0
2023,경북,대성청정,본관,125164.0
2023,경북,서라벌,공급관,356698.0
2023,경북,서라벌,본관,234639.0
2023,경북,영남ES(구미),공급관,599177.4
2023,경북,영남ES(구미),본관,344360.19
2023,경북,영남ES(포항),공급관,600356.0
2023,경북,영남ES(포항),본관,241719.0
2023,광주,해양,공급관,1358193.0
2023,광주,해양,본관,346526.0
2023,대구,대성,공급관,2117729.45
2023,대구,대성,본관,604658.1
2023,대전,CNCITY,공급관,1311580.13
2023,대전,CNCITY,본관,409353.95
2023,부산,부산,공급관,2018914.0
2023,부산,부산,본관,776076.0
2023,서울,귀뚜라미,공급관,455790.5
2023,서울,귀뚜라미,본관,130941.8
2023,서울,대륜,공급관,781814.4
2023,서울,대륜,본관,131910.4
2023,서울,서울,공급관,2409846.0
2023,서울,서울,본관,435448.0
2023,서울,예스코,공급관,1914399.0
2023,서울,예스코,본관,330827.0
2023,서울,코원ES,공급관,1043444.0
2023,서울,코원ES,본관,381353.0
2023,세종,JB,공급관,288368.0
2023,세종,JB,본관,110619.0
2023,세종,충청ES,공급관,8517.0
2023,세종,충청ES,본관,12633.0
2023,울산,경동,공급관,1562837.8
2023,울산,경동,본관,516588.9
2023,인천,삼천리,공급관,741086.3
2023,인천,삼천리,본관,286151.8
2023,인천,인천,공급관,1116230.76
2023,인천,인천,본관,422318.84
2023,전남,대화,공급관,345286.7
2023,전남,대화,본관,142629.6
2023,전남,목포,공급관,421122.9
2023,전남,목포,본관,186707.0
2023,전남,전남,공급관,421346.51
2023,전남,전남,본관,165593.09
2023,전남,해양,공급관,542430.0
2023,전남,해양,본관,283480.0
2023,전북,군산,공급관,368591.6
2023,전북,군산,본관,211290.5
2023,전북,전북,공급관,1166000.0
2023,전북,전북,본관,333522.0
2023,전북,전북ES,공급관,249510.0
2023,전북,전북ES,본관,164705.0
2023,제주,제주,공급관,91796.0
2023,제주,제주,본관,80379.0
2023,충남,CNCITY,공급관,26444.07
2023,충남,CNCITY,본관,18382.06
2023,충남,JB,공급관,1102943.0
2023,충남,JB,본관,704109.0
2023,충남,서해,공급관,596104.0
2023,충남,서해,본관,470921.0
2023,충북,참빛충북,공급관,241395.79
2023,충북,참빛충북,본관,125364.01
2023,충북,충청ES,공급관,870203.0
2023,충북,충청ES,본관,509726.0
2024,강원,강원,공급관,359084.82
2024,강원,강원,본관,202782.51
2024,강원,명성,공급관,4899.7
2024,강원,명성,본관,11409.1
2024,강원,참빛,공급관,55199.0
2024,강원,참빛,본관,53565.0
2024,강원,참빛영동,공급관,158121.0
2024,강원,참빛영동,본관,118783.0
2024,강원,참빛원주,공급관,371206.5
2024,강원,참빛원주,본관,172383.4
2024,경기,대륜,공급관,834783.11
2024,경기,대륜,본관,348361.92
2024,경기,삼천리,공급관,5205879.8
2024,경기,삼천리,본관,1959677.3
2024,경기,서울,공급관,1404240.0
2024,경기,서울,본관,440195.0
2024,경기,예스코,공급관,907236.55174264
2024,경기,예스코,본관,365584.44825735
2024,경기,인천,공급관,21529.3
2024,경기,인천,본관,76958.4
2024,경기,코원ES,공급관,1369507.0
2024,경기,코원ES,본관,597885.0
2024,경남,경남,공급관,1876475.0
2024,경남,경남,본관,742363.0
2024,경남,경동,공급관,321256.7
2024,경남,경동,본관,141453.0
2024,경남,지에스이,공급관,607611.0
2024,경남,지에스이,본관,199157.0
2024,경북,대성,공급관,269431.0
2024,경북,대성,본관,126213.0
2024,경북,대성청정,공급관,307780.0
2024,경북,대성청정,본관,117768.0
2024,경북,서라벌,공급관,394662.0
2024,경북,서라벌,본관,239900.0
2024,경북,영남ES(구미),공급관,611069.51
2024,경북,영남ES(구미),본관,351457.89
2024,경북,영남ES(포항),공급관,613388.0
2024,경북,영남ES(포항),본관,247200.0
2024,광주,해양,공급관,1371745.0
2024,광주,해양,본관,348002.0
2024,대구,대성,공급관,2135953.0
2024,대구,대성,본관,605477.0
2024,대구,대성청정,공급관,9725.0
2024,대구,대성청정,본관,6888.0
2024,대전,CNCITY,공급관,1325811.0
2024,대전,CNCITY,본관,413534.0
2024,부산,부산,공급관,2043240.0
2024,부산,부산,본관,779058.0
2024,서울,귀뚜라미,공급관,456432.0
2024,서울,귀뚜라미,본관,130995.7
2024,서울,대륜,공급관,781550.33
2024,서울,대륜,본관,131643.22
2024,서울,서울,공급관,2390127.0
2024,서울,서울,본관,435566.0
2024,서울,예스코,공급관,1913313.83288467
2024,서울,예스코,본관,329923.16711532
2024,서울,코원ES,공급관,1043689.0
2024,서울,코원ES,본관,381290.0
2024,세종,JB,공급관,291813.0
2024,세종,JB,본관,110693.0
2024,세종,충청ES,공급관,8644.9
2024,세종,충청ES,본관,12940.0
2024,울산,경동,공급관,1577898.4
2024,울산,경동,본관,526845.6
2024,인천,삼천리,공급관,735929.0
2024,인천,삼천리,본관,286470.9
2024,인천,인천,공급관,1129496.48
2024,인천,인천,본관,424806.74
2024,전남,대화,공급관,360177.5
2024,전남,대화,본관,143088.4
2024,전남,목포,공급관,431768.0
2024,전남,목포,본관,189756.3
2024,전남,전남,공급관,432229.0
2024,전남,전남,본관,169864.0
2024,전남,해양,공급관,556247.0
2024,전남,해양,본관,291269.0
2024,전북,군산,공급관,391313.6
2024,전북,군산,본관,219732.4
2024,전북,전북,공급관,1182834.0
2024,전북,전북,본관,333700.0
2024,전북,전북ES,공급관,265866.0
2024,전북,전북ES,본관,174634.0
2024,제주,제주,공급관,98404.0
2024,제주,제주,본관,84145.0
2024,충남,CNCITY,공급관,26680.0
2024,충남,CNCITY,본관,18387.0
2024,충남,JB,공급관,1146847.0
2024,충남,JB,본관,712247.0
2024,충남,서해,공급관,632094.46
2024,충남,서해,본관,491907.4
2024,충북,참빛충북,공급관,257328.08
2024,충북,참빛충북,본관,129276.81
2024,충북,충청ES,공급관,900770.7
2024,충북,충청ES,본관,528361.4
